Start,Stop
3121,4464
5238,5981
6030,7970
8065,10593
11166,12242
12990,13886
14083,14814
14943,15065
15609,15668
16219,17325
17828,17899
18142,19323
21652,23085
24194,24934
25158,25220
25286,25351
26076,26177
26646,27467
27597,28199
28254,28895
29350,29415
29967,31004
31575,31631
31812,31886
32197,32535
33197,33322
34654,35619
35802,38018
39385,40470
40705,41730
41803,43188
43539,43598
44239,44334
44708,45223
45325,46434
47499,47591
47788,47994
48080,49306
49585,49878
49934,50470
50514,50753
50907,51518
51775,52389
54235,54672
54839,56812
57083,57145
57286,58638
60506,60799
60948,64154
64950,66146
67495,70656
71064,71363
71567,72061
72408,74222
74572,75228
75522,75665
76018,76125
76262,76984
77421,77498
77675,77737
78066,78374
78686,78811
79047,79820
80261,80869
81661,82617
82959,84437
85025,85627
88888,94767
95826,97070
97286,97369
98182,98412
98888,98947
99052,99105
99270,99905
100964,102142
103318,103836
104134,105099
105288,105929
106988,107377
107499,107849
108082,108285
108395,108610
108726,109256
109349,109720
111835,111900
111966,112283
112386,113288
113815,113895
116972,117805
118148,118267
118489,118956
119060,119770
121820,122092
122798,123187
123760,124062
124104,124508
124679,124801
124867,126363
127866,128324
128634,129203
129694,130230
130652,131380
133422,133493
134219,134710
135798,135893
136469,136702
136780,136992
137323,138897
139545,139949
140120,140173
141337,141705
142480,142539
144097,144273
144397,144840
146046,146306
146849,146908
147399,147764
147884,148291
150240,150302
150403,151173
151839,152645
152833,152892
153608,155947
156705,156842
160740,161378
162898,162984
163465,164298
164365,164424
164525,164698
165008,165508
165565,165639
165761,166642
167086,167943
168011,169270
169510,172008
172245,172298
172450,172509
172608,172703
174834,175694
175766,177760
178371,179138
179720,180052
180814,180900
181007,181081
181187,181255
182603,185569
186044,186133
187039,187863
187957,189528
189625,190398
190696,191916
193417,193473
193593,193850
193989,194870
194949,195629
196006,196611
197512,198204
199086,199409
200094,200402
200522,200830
200971,201096
201217,202590
202782,203597
205819,207408
208349,208423
208924,209271
209470,211389
211452,212294
212366,212689
212824,213285
215721,216344
216434,217018
217125,217685
217800,221339
221817,222959
223139,223261
223490,223876
224027,224455
224664,226508
226854,228929
229720,229824
230840,231766
232662,233477
233560,233865
234916,234978
235083,235409
235524,237020
238119,238229
238663,238755
240178,240267
241435,241686
242414,242524
243171,243254
244140,244250
244684,244776
246199,246288
247456,247707
248555,249013
249112,249165
249541,250563
250661,253054
253200,254573
254707,255780
256491,256964
257109,258458
258739,258822
259175,259309
259477,260892
261349,261426
261768,262061
262308,262367
262421,262576
262657,263262
263366,263515
264432,264902
265029,265454
265494,266183
266303,266374
266431,266931
267010,267372
268374,268949
268991,269116
269634,269729
270648,270977
271051,271158
271257,271349
271480,272502
273003,276557
276728,280333
280410,280955
282063,282128
282755,284227
285542,285640
286219,287718
287853,288992
289139,289555
290186,290521
290593,291228
291312,293198
294739,294891
297842,297910
299607,300578
303824,303901
304191,304334
309865,310719
310932,311645
311830,313662
314984,315823
316056,316775
316873,318375
318419,318487
319009,319158
319235,319528
321149,321208
321657,321722
323557,323700
326149,326214
326618,326698
327519,327578
327618,327905
328759,328836
329556,329966
330383,330637
330902,330964
331985,332131
332222,332287
332446,332688
332989,333132
333922,333984
334182,335195
335620,336426
336985,337161
337428,338363
338614,339087
339270,340055
340278,340952
341065,341754
341967,342554
343101,343172
343873,343929
345847,345957
346377,347036
348586,349065
349401,350228
350392,351264
351459,355505
356567,356872
357290,357367
358183,358359
359648,359710
360172,360507
361620,366272
366508,367032
367248,367532
367667,367735
367898,369373
370032,370403
370446,370634
370934,371083
374172,374342
374736,374810
377270,377464
378964,379728
379794,380207
380324,380419
381242,381343
381497,381625
382016,383536
383710,384726
384926,385372
385659,386780
387697,388467
391354,391473
391604,393052
393489,393545
395602,396111
396964,397299
397493,397576
398210,399652
399720,400979
401386,401580
402187,402348
402641,403060
403279,403725
404917,404994
405221,405607
406259,406372
406637,408103
408416,408937
409560,409931
410536,410607
411992,412363
412830,412928
414050,414760
415224,416168
417243,417479
417535,417960
418891,419373
419675,419785
420176,420331
421469,424096
426241,426606
426924,426995
427827,428111
428576,428968
430161,432095
432480,432584
434479,434544
436161,436352
436656,436802
436907,437188
437482,438882
439214,439624
440153,440242
440758,441570
441749,441934
442253,442453
442647,442733
444143,444397
446483,447010
447471,447791
452524,453093
453155,453853
454534,456936
457021,458913
459681,465722
466065,466205
466517,467362
467936,468136
468508,468561
468617,468766
468856,468936
469575,470078
470227,470292
471512,471592
472781,473710
473936,476716
476960,478447
478721,479710
479765,481153
481250,482701
486062,486133
489905,491500
491669,491836
492501,492917
493242,494018
494852,495001
495259,495561
498171,500240
500799,501284
501436,501540
501864,501959
502088,502192
502480,502539
502899,504629
505537,506223
507883,507969
508407,508733
509019,509138
509676,510287
511215,511562
511966,512208
513452,513535
515005,515058
516091,516636
516746,518446
519742,519798
520426,520791
520961,521536
521601,521771
521863,522591
524986,525042
525301,525357
525516,525713
526754,527512
529231,529419
529735,529812
530515,531108
531294,532253
532334,532552
532697,532831
533402,533500
534307,534756
535737,536078
536193,538247
538881,539348
539574,539642
539774,540424
540643,541467
541791,543062
543183,543239
543328,544137
544922,544990
545208,545501
546786,547025
547772,549337
549438,549869
554624,555628
557373,557930
558037,558480
561481,561774
564257,565753
565977,567014
567715,567774
568887,569081
569987,570838
570916,571185
571798,572559
572599,572676
573737,575062
575166,576437
576841,577584
577629,577709
582241,582300
583851,583907
586329,586994
587600,589033
589178,589297
589406,590248
590324,591355
591696,591767
592560,593438
593528,595006
595396,595842
597357,597470
599022,599078
599971,600075
602667,602744
604556,604612
604944,605009
606338,606409
606952,607053
607688,607747
607796,607861
607915,608199
608812,609588
611240,612634
612678,613406
613836,615299
615643,615702
617072,617629
620538,620591
620805,623135
623251,624423
625045,625395
625551,625622
626429,626488
626668,628971
629088,630491
630759,630845
631042,632811
633380,633439
633709,634251
634479,635279
635321,635407
636712,636819
637373,637435
638165,638692
639541,639774
639985,640098
640300,640632
641062,641151
641208,642308
643631,643741
643845,643898
645560,645616
645866,647590
648289,649404
649520,649819
652604,653044
653518,653982
654150,654611
655113,656708
658572,659027
659572,660312
660398,660676
661780,662025
662337,662393
663887,664036
665958,668990
669423,669950
670309,672339
672794,673855
674204,674266
674410,674568
674728,674784
675566,676267
676802,677395
677477,677578
677702,677842
678494,679123
679460,679519
679617,679691
680360,681277
681543,683423
683519,684247
684287,684385
688619,689458
689923,690873
691101,691538
691581,694271
694317,694964
695058,695138
695555,695683
696606,696815
696883,697590
698785,699420
699672,699740
700487,700579
701054,701200
702577,702663
703300,703353
703554,703691
704452,705387
706339,707292
707612,708220
708745,708843
709344,709562
711428,712195
712603,713244
713512,714306
715052,716428
717368,717673
718028,718225
718478,719266
719653,720504
721824,723737
724896,725759
726034,726393
728282,728581
728624,729010
730072,730128
730278,730496
731765,732001
732370,733014
733083,734564
735996,737162
737989,738171
738897,739019
739729,740598
742276,742557
743418,743714
747219,748520
749163,749261
749985,750311
751598,753328
753490,755295
756578,756637
756694,756762
758656,759396
759623,759958
760146,760310
760455,760859
761226,761300
761552,763468
763798,764307
765683,766354
766567,766797
767578,767742
767823,769619
769771,771012
771956,772063
772192,772326
772996,773700
773823,775715
777209,777496
777692,778207
778654,779490
779616,780296
780377,780988
781343,781924
782100,782801
783901,784788
785754,786362
786886,787002
787045,787110
787320,788576
788642,789514
790662,791960
792769,792867
792918,793754
794039,794107
795184,796062
798141,798788
800110,800925
800965,801297
802356,802739
804382,804729
805701,805787
809662,809781
810122,810250
810437,810589
810985,811620
811924,813189
815464,817878
818037,818150
819389,820039
824423,824884
825727,825813
827666,828016
828168,830108
830651,830752
830920,830997
832908,832961
834845,835939
836745,837551
838274,838621
838751,839452
839520,840062
840314,841072
841163,842086
842529,842765
843949,846579
847113,847442
847552,848109
848921,848983
849313,849402
851225,852505
852719,854338
854443,854748
855166,855243
856122,859406
861966,862118
863548,863610
863798,864688
865160,865537
867694,868800
869492,869554
869668,870480
871948,872121
873975,875258
875721,881855
881978,882082
882803,882913
882962,884065
884170,885270
885440,886882
887415,887603
890069,890215
890752,890820
891277,891831
892192,892512
894657,895211
895278,895991
896771,896836
897273,898592
899298,899354
900303,901835
902773,903840
904078,904143
904236,905510
905962,907524
907720,907830
907979,908467
909159,910157
910516,910683
911499,912164
912369,914390
914735,915070
915898,915996
916047,916415
916823,917164
917321,917374
917647,918117
919020,920408
921141,921230
921537,923012
923161,924540
926222,926332
926511,926858
927729,927806
927952,928308
928641,928721
929545,929742
929824,929892
930220,930693
930891,931013
931451,932050
932317,933882
933959,936136
937611,937667
939106,939819
940316,940696
940810,941484
941906,942112
942196,943497
945520,945912
947101,947604
947967,948530
948754,950220
950363,950668
951956,952306
952535,952690
952750,953769
953842,955740
956031,957602
960748,961221
961469,962584
963114,963263
966575,966913
967847,968779
969066,969140
971037,972176
972426,972578
973137,973199
974079,974156
978474,978608
979059,979529
979762,980064
984377,984814
986722,987180
987274,987501
987735,988049
989099,990232
990552,990680
990968,991690
991810,992865
992978,993886
994844,994903
995210,995767
996174,996704
996792,996872
999022,999690
999866,1000516
1001300,1001425
1001503,1002291
1002635,1002709
1006962,1007633
1010871,1011077
1011481,1011561
1013475,1014527
1014706,1014774
1015153,1015608
1016087,1016941
1017582,1017788
1017870,1019438
1019545,1019970
1020259,1021383
1021486,1021569
1021634,1021723
1023009,1023302
1023493,1024680
1024918,1025010
1026376,1026855
1027526,1027750
1028969,1029025
1029301,1029378
1029965,1030756
1032924,1033190
1034688,1034741
1035021,1036055
1038863,1039096
1039297,1039749
1041029,1041382
1041446,1042561
1042806,1043033
1043992,1045014
1045352,1045855
1046022,1046771
1046886,1047377
1047490,1048185
1049263,1049499
1049983,1051041
1051341,1051676
1052044,1052109
1052509,1053429
1054962,1055147
1057761,1058531
1059887,1061275
1061727,1061780
1062108,1063064
1064069,1064524
1064578,1066377
1067063,1067662
1070801,1071367
1072231,1072398
1072524,1072685
1073146,1073568
1073660,1073800
1074324,1075325
1076989,1077543
1080095,1081072
1081183,1082817
1083185,1084225
1084853,1085806
1085980,1086078
1088941,1090362
1093060,1093773
1093965,1095803
1095975,1096835
1098812,1098988
1099318,1099458
1099776,1102706
1102858,1103757
1104740,1104829
1105118,1105864
1106044,1107759
1108797,1109663
1110002,1110151
1110769,1113627
1115647,1116513
1117093,1118079
1119031,1121022
1121101,1121808
1123309,1123389
1123665,1124078
1124484,1125467
1125761,1126495
1126704,1128194
1128890,1129030
1129412,1129816
1129954,1131501
1132861,1132920
1135292,1135351
1135524,1135631
1136015,1136284
1137029,1137400
1140010,1140087
1140430,1140693
1141471,1141560
1145645,1145749
1146076,1146177
1147575,1147730
1151559,1151711
1153010,1153783
1153848,1154204
1156065,1156235
1157868,1158008
1158566,1158844
1159490,1159543
1159709,1159771
1159873,1159962
1160223,1160753
1161051,1161230
1161410,1161484
1162100,1162207
1162995,1163147
1164145,1164252
1164518,1165960
1166028,1167608
1168027,1168368
1168993,1169541
1169981,1171621
1172947,1173003
1173540,1173665
1173706,1174122
1174250,1175605
1175671,1176156
1176304,1176654
1176777,1177091
1177143,1177865
1178214,1178273
1178525,1178731
1178955,1179167
1179843,1179932
1180879,1181088
1181338,1181625
1181720,1182421
1183039,1183101
1183156,1183233
1184142,1184801
1187192,1187539
1188014,1188289
1188949,1189788
1190023,1190079
1190438,1190539
1191060,1191542
1192974,1194092
1194353,1194445
1194799,1194867
1196097,1197182
1197247,1198047
1198637,1199776
1200060,1200632
1202008,1202082
1202171,1203592
1203634,1204998
1205472,1205585
1205922,1206575
1207111,1208571
1209821,1210462
1211869,1212990
1213340,1213426
1213636,1215087
1215481,1215594
1215992,1216084
1217453,1218178
1218493,1219122
1219178,1219240
1220149,1220904
1221133,1221210
1222062,1222811
1223173,1223829
1224548,1225300
1226131,1226781
1227400,1227486
1227556,1228266
1228669,1228746
1228994,1229290
1229967,1230773
1234465,1234776
1236172,1236246
1237934,1239013
1239585,1239797
1240358,1240681
1241048,1242100
1242664,1244508
1246342,1246485
1248892,1249344
1250600,1250698
1251974,1252030
1252509,1252568
1252667,1253341
1253510,1253578
1254088,1254171
1254231,1254287
1254459,1254722
1255043,1255264
1255357,1257069
1257260,1259449
1259530,1259841
1259917,1261728
1261916,1261969
1262652,1263131
1263462,1263530
1263871,1264629
1264808,1264891
1264982,1265074
1265392,1266003
1266445,1266564
1267115,1268473
1269834,1270433
1270758,1270832
1270967,1271062
1274271,1274363
1274883,1275542
1275959,1276153
1277726,1278025
1278741,1278863
1279255,1279377
1279552,1279611
1281321,1281773
1282167,1282358
1282473,1283393
1284470,1284544
1287376,1287591
1287710,1288243
1289188,1290126
1290241,1291524
1293088,1293654
1294360,1294902
1295741,1295830
1296007,1296084
1296171,1296557
1296691,1297551
1297823,1299901
1299964,1301268
1301331,1301402
1301551,1302453
1302570,1303013
1303774,1304436
1304905,1304970
1305339,1305758
1305850,1306092
1306890,1306967
1307763,1308170
1308351,1310318
1311086,1312774
1312857,1313324
1313657,1315435
1315767,1317563
1319677,1320375
1320608,1322284
1322410,1323327
1323450,1323683
1323794,1325017
1325916,1326236
1326440,1326808
1326876,1328213
1328609,1329652
1329698,1329793
1331018,1331347
1331534,1331605
1331813,1333807
1334028,1334267
1335660,1335737
1335811,1335951
1339236,1339376
1339474,1339533
1339743,1339841
1339890,1340036
1340320,1340877
1341107,1341865
1342473,1342667
1343351,1343824
1344036,1345100
1346851,1346904
1347827,1351285
1351964,1353082
1353374,1353673
1356327,1356671
1357753,1358697
1358834,1359103
1359352,1361523
1363826,1363975
1364031,1364570
1364770,1364841
1365717,1365806
1366220,1366432
1366550,1367425
1367718,1368650
1368863,1368928
1368974,1369033
1369659,1369730
1373015,1374103
1375437,1375496
1377597,1377800
1380007,1380561
1380720,1381187
1381285,1382565
1383007,1383393
1383489,1384343
1384692,1385714
1385912,1385968
1387014,1387214
1388089,1389210
1389351,1390031
1390222,1390671
1390791,1390880
1391436,1391531
1392014,1392385
1392514,1393380
1393517,1394584
1395181,1396026
1396346,1396399
1396765,1397046
1398077,1399327
1400074,1400796
1401343,1402359
1402550,1403230
1406366,1406713
1407406,1407489
1409508,1409996
1410148,1412421
1413646,1414719
1415254,1416693
1416962,1417738
1417843,1418685
1419620,1419703
1420076,1421362
1423255,1423833
1423902,1425146
1425419,1426465
1426766,1428328
1428442,1428939
1429765,1430127
1430333,1432819
1433148,1434644
1434937,1435209
1435635,1437866
1438255,1438689
1440950,1441006
1441313,1441540
1441581,1442114
1443986,1444042
1444229,1444285
1445543,1446358
1447119,1447220
1452146,1452799
1453294,1454310
1458188,1458250
1458654,1458776
1458980,1459126
1462355,1463467
1464683,1464742
1467980,1468114
1470083,1470163
1470832,1471026
1471511,1471696
1471878,1471946
1473313,1473408
1474802,1475908
1476224,1476301
1477667,1477762
1478088,1478180
1481857,1481919
1482767,1482841
1483549,1484544
1486000,1486245
1486928,1487011
1487331,1487471
1494864,1494920
1495221,1495850
1498742,1498948
1499178,1499231
1505845,1505964
1506412,1506513
1508710,1508766
1509252,1509455
1511382,1511513
1513917,1514171
1517261,1517356
1523964,1524104
1524154,1525962
1530727,1531353
1531935,1531991
1532954,1533034
1536498,1536644
1537815,1538501
1539266,1539937
1540016,1540225
1540744,1540836
1542286,1542351
1543674,1543757
1544056,1544115
1545768,1545866
1547734,1547865
1548034,1548456
1548701,1549906
1550152,1550289
1551057,1551110
1556032,1556109
1558842,1558901
1560691,1560870
1562108,1562347
1567160,1567222
1571151,1571231
1572798,1572851
1574914,1575093
1578560,1578736
1586987,1587079
1590376,1590456
1595535,1595612
1595686,1595742
1595819,1595887
1596280,1596366
1603903,1604010
1611141,1611224
1612025,1612174
1613809,1613871
1616145,1616453
1620154,1621188
1622583,1623047
1626876,1626956
1627812,1628615
1632915,1632971
1634099,1634170
1639120,1639722
1639964,1640041
1646669,1647781
1650226,1650291
1651552,1651707
1655644,1655721
1656173,1656484
1657466,1657534
1658125,1658268
1659580,1659705
1664575,1665405
1675562,1675633
1677409,1680009
1680132,1680560
1681561,1682628
1683019,1683207
1686120,1686221
1690750,1690839
1694771,1695028
1695520,1695606
1696280,1696888
1708312,1708518
1711672,1712637
1712706,1713209
1714959,1715126
1716267,1716338
1716858,1717160
1717800,1717949
1720622,1720720
1720877,1720966
1721226,1721345
1724196,1724462
1724611,1724712
1724780,1725565
1726125,1726250
1728162,1728302
1731775,1731903
1731955,1732893
1734440,1734526
1735914,1736030
1741011,1741073
1741777,1741857
1745553,1745690
1747480,1747542
1749239,1749337
1749878,1751176
1751304,1752371
1752636,1752689
1754446,1754526
1755142,1755282
1755342,1755470
1756355,1756414
1757474,1757566
1757771,1758673
1761950,1762042
1762200,1763165
1763941,1764843
1766542,1766619
1767104,1767214
1767846,1768490
1770286,1770369
1770851,1770913
1771772,1771894
1772178,1773410
1773514,1774773
1775466,1775582
1777014,1777082
1779831,1779965
1781696,1781773
1783071,1783127
1783762,1783893
1789107,1789235
1795681,1796925
1797698,1797880
1797975,1798727
1803921,1803986
1805752,1805928
1809835,1809900
1813693,1813758
1813814,1814011
1817764,1817922
1818302,1818388
1821285,1821341
1828117,1828239
1828968,1829042
1830209,1830277
1833074,1834480
1835044,1835109
1835966,1836031
1836750,1836848
1840185,1840250
1845031,1845141
1851474,1851611
1853401,1853463
1854976,1855521
1855568,1855933
1857856,1858611
1859991,1860068
1862423,1862893
1863726,1864217
1866120,1866194
1867126,1867323
1870130,1871758
1873884,1873973
1874041,1874529
1874828,1874890
1879983,1880120
1882324,1882398
1884318,1884545
1885312,1885488
1887109,1887204
1888148,1888270
1890951,1891139
1892599,1892712
1895081,1895179
1895802,1895873
1897953,1898153
1899967,1900032
1901124,1901240
1901590,1901667
1902283,1902414
1902740,1902859
1903913,1904113
1904221,1905864
1905963,1906043
1909248,1909424
1911494,1911682
1916161,1916448
1916939,1917028
1917069,1917188
1918363,1918593
1918681,1919505
1919655,1919708
1920523,1920624
1922439,1923809
1923925,1924113
1931672,1931743
1939999,1942638
1946562,1946657
1953513,1953713
1953836,1954237
1955643,1955732
1958218,1958376
1958536,1958589
1959642,1959713
1963424,1963507
1963852,1964457
1966898,1966972
1967261,1967404
1971337,1971546
1972805,1972867
1974482,1974538
1981774,1982640
1984056,1985192
1988159,1989802
1990976,1991032
1991245,1993326
1999396,1999557
2000940,2001035
2016460,2016612
2018689,2018808
2020406,2020549
2025097,2025198
2034693,2035517
2035690,2036505
2039358,2039510
2040274,2040933
2042714,2042953
2043272,2043346
2044331,2044402
2046163,2046261
2046910,2047032
2048344,2048634
2050639,2052114
2052233,2052664
2053391,2053471
2054938,2055102
2055466,2055555
2055633,2056187
2056274,2057926
2058516,2059511
2059669,2061207
2062263,2063651
2064513,2064602
2064820,2065506
2065698,2066417
2078605,2078685
2079132,2079398
2084134,2084193
2085702,2085812
2086171,2086236
2091747,2091866
2092671,2092850
2096684,2096770
2099256,2099342
2099395,2099451
2102608,2104062
2104255,2104359
2104827,2104904
2105550,2105693
2116069,2116248
2121607,2121669
2123377,2123502
2126663,2126851
2127299,2128876
2130551,2130652
2131158,2132330
2132412,2134652
2135134,2135190
2137596,2137673
2141071,2141814
2143470,2143550
2144106,2144228
2144874,2145065
2145127,2145513
2146617,2146676
2147496,2147549
2149998,2150120
2150243,2150554
2151744,2153696
2158526,2158624
2162503,2162574
2169531,2170526
2170822,2170893
2171796,2171900
2172710,2173591
2177376,2177504
2178526,2178585
2181329,2182216
2183934,2184101
2184277,2184405
2186054,2186338
2186394,2186831
2187663,2188424
2188967,2189563
2189881,2190402
2192379,2192609
2192693,2193448
2193645,2194412
2195554,2196339
2197267,2197728
2198710,2198763
2199762,2200190
2209896,2210021
2217465,2217953
2219048,2219167
2223043,2223204
2227412,2229154
2232740,2232796
2232973,2233029
2233150,2233791
2233867,2233953
2239701,2239757
2241189,2241251
2242543,2242611
2242736,2242834
2247040,2247111
2250431,2250820
2253455,2253535
2254557,2254847
2255908,2255979
2258697,2259260
2261329,2261412
2264972,2265112
2267150,2267215
2268287,2268382
2269737,2269916
2270348,2270458
2273095,2273262
2275349,2275441
2285442,2285561
2287518,2288513
2295205,2295279
2297338,2297679
2298097,2298210
2298802,2298882
2302726,2302845
2303103,2303201
2304680,2304835
2305180,2305602
2306177,2306716
2308454,2308549
2308847,2308921
2312084,2312137
2316526,2316645
2320906,2321775
2323049,2323123
2324548,2325408
2325642,2327402
2327461,2328330
2328719,2328796
2329327,2329389
2329731,2330921
2331026,2331079
2331163,2331231
2334003,2334569
2337786,2338406
2339611,2341071
2341862,2343013
2343858,2345150
2346941,2347285
2350175,2350240
2350488,2350541
2351863,2351931
2357041,2357145
2357229,2357363
2360435,2360713
2361275,2361376
2361897,2362274
2384809,2384931
2387339,2387404
2394172,2394261
2394486,2394761
2397294,2397491
2398703,2399161
2399542,2400243
2400610,2400666
2401575,2402366
2404274,2404354
2404541,2404597
2407128,2408453
2409281,2409346
2410468,2410560
2411152,2411238
2412283,2412354
2415436,2415525
2419318,2419770
2421874,2421984
2428683,2428946
2431570,2431638
2431688,2433211
2433296,2434618
2437078,2437152
2437670,2437816
2440494,2440631
2442672,2442734
2443741,2443902
2446747,2447913
2448052,2449155
2449353,2449835
2450092,2450271
2450437,2451798
2453576,2454349
2454692,2457103
2457320,2457379
2457512,2457859
2457909,2459336
2459819,2460106
2460150,2460683
2462062,2462124
2462611,2462667
2465419,2465493
2465630,2466625
2466713,2467342
2469093,2471915
2472089,2472325
2472438,2472938
2477475,2478224
2478692,2478898
2479536,2479658
2480325,2480528
2482577,2482660
2483082,2483216
2483524,2483577
2487261,2488337
2489638,2489772
2491363,2491455
2494735,2494887
2496292,2496495
2497411,2497464
2501306,2501470
2501602,2501709
2501980,2502051
2503254,2503316
2505425,2505835
2506448,2506567
2506872,2507189
2510080,2510235
2515041,2515307
2518971,2519879
2523633,2523713
2526086,2526160
2530352,2530471
2536330,2536494
2538904,2539041
2540606,2540716
2542014,2542610
2544621,2545433
2546167,2546328
2547852,2547968
2548323,2548388
2556151,2556213
2562519,2562578
2562890,2562955
2574201,2574461
2575186,2575251
2578370,2578444
2582367,2582426
2583497,2584015
2585781,2585900
2586004,2586060
2591796,2591852
2592340,2592546
2592967,2593020
2593640,2593750
2594911,2595543
2595674,2596090
2596266,2597324
2607192,2607335
2609330,2609422
2614017,2614154
2617604,2617672
2626892,2626960
2627233,2627352
2627712,2627786
2631063,2631158
2634608,2634730
2635167,2637920
2643758,2643817
2643928,2643987
2644506,2644580
2648278,2648466
2649075,2649194
2650367,2650537
2653793,2653897
2654065,2654118
2657307,2657372
2658966,2659841
2662766,2662882
2664515,2664676
2664836,2665033
2669066,2669155
2675503,2675640
2677681,2677743
2679599,2681125
2683187,2684056
2684978,2685091
2685269,2685352
2685414,2685494
2687196,2687525
2688722,2688781
2689442,2690332
2692894,2693001
2693187,2693243
2694220,2694318
2695347,2695442
2702770,2702919
2703376,2703501
2705203,2705298
2705501,2705647
2708657,2708722
2709246,2709386
2710869,2712755
2712931,2713365
2718622,2718783
2721900,2721968
2723256,2723405
2727049,2727114
2728057,2728110
2729390,2729488
2733625,2733726
2733822,2733932
2734750,2735076
2735783,2735863
2737477,2737557
2741173,2741256
2742680,2742748
2743211,2743264
2745907,2746377
2746423,2746878
2747073,2747414
2748282,2748683
2750858,2750998
2756210,2756479
2757606,2757911
2758046,2759353
2760472,2760534
2763854,2763949
2766720,2766875
2770205,2770282
2771599,2772612
2773234,2773608
2774684,2775523
2775644,2776486
2782739,2782894
2783658,2783789
2785331,2785468
2786702,2787061
2787628,2787711
2788173,2788454
2789012,2789086
2790684,2790995
2793593,2793646
2795550,2795603
2796674,2796997
2798626,2799087
2802022,2802090
2802165,2802458
2802998,2803402
2803447,2803644
2804111,2804242
2805440,2807398
2807459,2810107
2811645,2811791
2814512,2814595
2818124,2818240
2820805,2821587
2822871,2822948
2824082,2824651
2825684,2825737
2827391,2828236
2829464,2829607
2830284,2830523
2832994,2833062
2834884,2834940
2836184,2836249
2840169,2840264
2840863,2841126
2842413,2843867
2843914,2844216
2846061,2846126
2846384,2846497
2847185,2847280
2847793,2847846
2850797,2852950
2854883,2854957
2860659,2860727
2861424,2862614
2874618,2874752
2875189,2875341
2884586,2884789
2886971,2887048
2889230,2889343
2889813,2889866
2896241,2897059
2898535,2899266
2900083,2900142
2901188,2901322
2902053,2902136
2906084,2906149
2907153,2909708
2910165,2910380
2912992,2913123
2916291,2916890
2919468,2919674
2922907,2923041
2928167,2928325
2930393,2930461
2933303,2934715
2940053,2941033
